[Header],,,,,,,,,
Date,8/24/17,,,,,,,,
Workflow,GenerateFASTQ,,,,,,,,
Assay,TruSeq HT,,,,,,,,
Index Kit,IDT-ILMN TruSeq DNA-RNA UD 96 Indexes,,,,,,,,
Description,"The Index 2 Read is performed after Read 2. Workflow B is performed on the MiniSeq, NextSeq, HiSeq 4000, and HiSeq 3000.",,,,,,,,
Chemistry,Amplicon,,,,,,,,
,,,,,,,,,
[Reads],,,,,,,,,
151,,,,,,,,,
151,,,,,,,,,
,,,,,,,,,
[Settings],,,,,,,,,
Adapter,AGATCGGAAGAGCACACGTCTGAACTCCAGTCA,,,,,,,,
AdapterRead2,AGATCGGAAGAGCGTCGTGTAGGGAAAGAGTGT,,,,,,,,
,,,,,,,,,
[Data],,,,,,,,,
Lane,Sample_ID,Sample_Name,Index_Plate_Well,I7_Index_ID,index,I5_Index_ID,index2,Sample_Project,Description
1,1,,A01,UDI0001,CCGCGGTT,UDI0001,CTAGCGCT,Project,Description
1,2,,B01,UDI0002,TTATAACC,UDI0002,TCGATATC,Project,Description
1,3,,C01,UDI0003,GGACTTGG,UDI0003,CGTCTGCG,Project,Description
1,4,,D01,UDI0004,AAGTCCAA,UDI0004,TACTCATA,Project,Description
1,5,,E01,UDI0005,ATCCACTG,UDI0005,ACGCACCT,Project,Description
1,6,,F01,UDI0006,GCTTGTCA,UDI0006,GTATGTTC,Project,Description
1,7,,G01,UDI0007,CAAGCTAG,UDI0007,CGCTATGT,Project,Description
1,8,,H01,UDI0008,TGGATCGA,UDI0008,TATCGCAC,Project,Description
1,9,,A02,UDI0009,AGTTCAGG,UDI0009,TCTGTTGG,Project,Description
1,10,,B02,UDI0010,GACCTGAA,UDI0010,CTCACCAA,Project,Description
1,11,,C02,UDI0011,TCTCTACT,UDI0011,GAACCGCG,Project,Description
1,12,,D02,UDI0012,CTCTCGTC,UDI0012,AGGTTATA,Project,Description
1,13,,E02,UDI0013,CCAAGTCT,UDI0013,TCATCCTT,Project,Description
1,14,,F02,UDI0014,TTGGACTC,UDI0014,CTGCTTCC,Project,Description
1,15,,G02,UDI0015,GGCTTAAG,UDI0015,GGTCACGA,Project,Description
1,16,,H02,UDI0016,AATCCGGA,UDI0016,AACTGTAG,Project,Description
1,17,,A03,UDI0017,TAATACAG,UDI0017,GTGAATAT,Project,Description
1,18,,B03,UDI0018,CGGCGTGA,UDI0018,ACAGGCGC,Project,Description
1,19,,C03,UDI0019,ATGTAAGT,UDI0019,CATAGAGT,Project,Description
1,20,,D03,UDI0020,GCACGGAC,UDI0020,TGCGAGAC,Project,Description
1,21,,E03,UDI0021,GGTACCTT,UDI0021,GACGTCTT,Project,Description
1,22,,F03,UDI0022,AACGTTCC,UDI0022,AGTACTCC,Project,Description
1,23,,G03,UDI0023,GCAGAATT,UDI0023,TGGCCGGT,Project,Description
1,24,,H03,UDI0024,ATGAGGCC,UDI0024,CAATTAAC,Project,Description
1,25,,A04,UDI0025,ACTAAGAT,UDI0025,CCGCGGTT,Project,Description
1,26,,B04,UDI0026,GTCGGAGC,UDI0026,TTATAACC,Project,Description
1,27,,C04,UDI0027,CTTGGTAT,UDI0027,GGACTTGG,Project,Description
1,28,,D04,UDI0028,TCCAACGC,UDI0028,AAGTCCAA,Project,Description
1,29,,E04,UDI0029,CCGTGAAG,UDI0029,ATCCACTG,Project,Description
1,30,,F04,UDI0030,TTACAGGA,UDI0030,GCTTGTCA,Project,Description
1,31,,G04,UDI0031,GGCATTCT,UDI0031,CAAGCTAG,Project,Description
1,32,,H04,UDI0032,AATGCCTC,UDI0032,TGGATCGA,Project,Description
1,33,,A05,UDI0033,TACCGAGG,UDI0033,AGTTCAGG,Project,Description
1,34,,B05,UDI0034,CGTTAGAA,UDI0034,GACCTGAA,Project,Description
1,35,,C05,UDI0035,AGCCTCAT,UDI0035,TCTCTACT,Project,Description
1,36,,D05,UDI0036,GATTCTGC,UDI0036,CTCTCGTC,Project,Description
1,37,,E05,UDI0037,TCGTAGTG,UDI0037,CCAAGTCT,Project,Description
1,38,,F05,UDI0038,CTACGACA,UDI0038,TTGGACTC,Project,Description
1,39,,G05,UDI0039,TAAGTGGT,UDI0039,GGCTTAAG,Project,Description
1,40,,H05,UDI0040,CGGACAAC,UDI0040,AATCCGGA,Project,Description
1,41,,A06,UDI0041,ATATGGAT,UDI0041,TAATACAG,Project,Description
1,42,,B06,UDI0042,GCGCAAGC,UDI0042,CGGCGTGA,Project,Description
1,43,,C06,UDI0043,AAGATACT,UDI0043,ATGTAAGT,Project,Description
1,44,,D06,UDI0044,GGAGCGTC,UDI0044,GCACGGAC,Project,Description
1,45,,E06,UDI0045,ATGGCATG,UDI0045,GGTACCTT,Project,Description
1,46,,F06,UDI0046,GCAATGCA,UDI0046,AACGTTCC,Project,Description
1,47,,G06,UDI0047,GTTCCAAT,UDI0047,GCAGAATT,Project,Description
1,48,,H06,UDI0048,ACCTTGGC,UDI0048,ATGAGGCC,Project,Description
1,49,,A07,UDI0049,ATATCTCG,UDI0049,ACTAAGAT,Project,Description
1,50,,B07,UDI0050,GCGCTCTA,UDI0050,GTCGGAGC,Project,Description
1,51,,C07,UDI0051,AACAGGTT,UDI0051,CTTGGTAT,Project,Description
1,52,,D07,UDI0052,GGTGAACC,UDI0052,TCCAACGC,Project,Description
1,53,,E07,UDI0053,CAACAATG,UDI0053,CCGTGAAG,Project,Description
1,54,,F07,UDI0054,TGGTGGCA,UDI0054,TTACAGGA,Project,Description
1,55,,G07,UDI0055,AGGCAGAG,UDI0055,GGCATTCT,Project,Description
1,56,,H07,UDI0056,GAATGAGA,UDI0056,AATGCCTC,Project,Description
1,57,,A08,UDI0057,TGCGGCGT,UDI0057,TACCGAGG,Project,Description
1,58,,B08,UDI0058,CATAATAC,UDI0058,CGTTAGAA,Project,Description
1,59,,C08,UDI0059,GATCTATC,UDI0059,AGCCTCAT,Project,Description
1,60,,D08,UDI0060,AGCTCGCT,UDI0060,GATTCTGC,Project,Description
1,61,,E08,UDI0061,CGGAACTG,UDI0061,TCGTAGTG,Project,Description
1,62,,F08,UDI0062,TAAGGTCA,UDI0062,CTACGACA,Project,Description
1,63,,G08,UDI0063,TTGCCTAG,UDI0063,TAAGTGGT,Project,Description
1,64,,H08,UDI0064,CCATTCGA,UDI0064,CGGACAAC,Project,Description
1,65,,A09,UDI0065,ACACTAAG,UDI0065,ATATGGAT,Project,Description
1,66,,B09,UDI0066,GTGTCGGA,UDI0066,GCGCAAGC,Project,Description
1,67,,C09,UDI0067,TTCCTGTT,UDI0067,AAGATACT,Project,Description
1,68,,D09,UDI0068,CCTTCACC,UDI0068,GGAGCGTC,Project,Description
1,69,,E09,UDI0069,GCCACAGG,UDI0069,ATGGCATG,Project,Description
1,70,,F09,UDI0070,ATTGTGAA,UDI0070,GCAATGCA,Project,Description
1,71,,G09,UDI0071,ACTCGTGT,UDI0071,GTTCCAAT,Project,Description
1,72,,H09,UDI0072,GTCTACAC,UDI0072,ACCTTGGC,Project,Description
1,73,,A10,UDI0073,CAATTAAC,UDI0073,ATATCTCG,Project,Description
1,74,,B10,UDI0074,TGGCCGGT,UDI0074,GCGCTCTA,Project,Description
1,75,,C10,UDI0075,AGTACTCC,UDI0075,AACAGGTT,Project,Description
1,76,,D10,UDI0076,GACGTCTT,UDI0076,GGTGAACC,Project,Description
1,77,,E10,UDI0077,TGCGAGAC,UDI0077,CAACAATG,Project,Description
1,78,,F10,UDI0078,CATAGAGT,UDI0078,TGGTGGCA,Project,Description
1,79,,G10,UDI0079,ACAGGCGC,UDI0079,AGGCAGAG,Project,Description
1,80,,H10,UDI0080,GTGAATAT,UDI0080,GAATGAGA,Project,Description
1,81,,A11,UDI0081,AACTGTAG,UDI0081,TGCGGCGT,Project,Description
1,82,,B11,UDI0082,GGTCACGA,UDI0082,CATAATAC,Project,Description
1,83,,C11,UDI0083,CTGCTTCC,UDI0083,GATCTATC,Project,Description
1,84,,D11,UDI0084,TCATCCTT,UDI0084,AGCTCGCT,Project,Description
1,85,,E11,UDI0085,AGGTTATA,UDI0085,CGGAACTG,Project,Description
1,86,,F11,UDI0086,GAACCGCG,UDI0086,TAAGGTCA,Project,Description
1,87,,G11,UDI0087,CTCACCAA,UDI0087,TTGCCTAG,Project,Description
1,88,,H11,UDI0088,TCTGTTGG,UDI0088,CCATTCGA,Project,Description
1,89,,A12,UDI0089,TATCGCAC,UDI0089,ACACTAAG,Project,Description
1,90,,B12,UDI0090,CGCTATGT,UDI0090,GTGTCGGA,Project,Description
1,91,,C12,UDI0091,GTATGTTC,UDI0091,TTCCTGTT,Project,Description
1,92,,D12,UDI0092,ACGCACCT,UDI0092,CCTTCACC,Project,Description
1,93,,E12,UDI0093,TACTCATA,UDI0093,GCCACAGG,Project,Description
1,94,,F12,UDI0094,CGTCTGCG,UDI0094,ATTGTGAA,Project,Description
1,95,,G12,UDI0095,TCGATATC,UDI0095,ACTCGTGT,Project,Description
1,96,,H12,UDI0096,CTAGCGCT,UDI0096,GTCTACAC,Project,Description